UniqueCount	AmbigCount
0	0
0	1
0	1
9	282
2	228
2	112
5	0
0	544
0	1625
0	1630
0	1625
0	1625
0	1631
0	21
0	20
0	20
0	21
0	17
0	7
0	1
0	498
0	1
0	7
0	505
0	7
0	2
0	3
0	3
0	1
0	1
0	7
0	7
0	0
0	8
0	1
0	14
0	1
0	3
0	154
0	0
0	7
0	1
0	1
0	2
0	0
0	1
0	478
0	2
0	0
0	0
0	6
0	0
0	1
0	3
0	0
0	0
0	0
0	6
0	2
0	4
0	154
0	12
0	0
0	2
0	7
0	0
2	3
0	245
0	1
0	7
0	0
0	0
7	43
0	0
0	0
0	0
0	0
0	11
0	1
0	3
1	2
1	25
0	0
0	0
0	0
0	0
0	0
3	0
0	0
0	7
0	7
0	7
0	160
0	7
0	7
0	7
0	7
0	2
0	8
0	7
0	0
0	1
0	1
0	7
0	3
0	3
0	2
0	7
0	4
0	8
0	8
0	1
0	154
0	6
0	1
0	0
0	1
0	1
0	1
0	1
0	153
0	0
0	153
0	478
0	3
0	505
0	505
0	506
0	498
0	3
0	3
0	3
0	6
0	4
0	0
0	0
0	2043
0	5
0	9
0	2038
0	22
0	2038
0	2038
0	556
0	7
0	21
0	21
0	9
0	3
0	9
0	10
0	2043
0	624
0	9
0	11
0	8
0	12
0	9
0	2038
0	21
0	8
0	11
0	9
0	6
0	40
0	624
0	626
0	23
0	17
0	22
0	10
0	546
0	548
0	548
0	10
0	11
0	10
0	11
0	9
0	9
0	38
0	546
4	3
0	23
0	14
0	9
0	544
0	19
0	19
0	13
0	9
0	10
0	11
0	6
0	9
0	12
0	40
0	546
0	544
0	9
0	8
0	9
47	143
0	23
0	11
0	13
0	545
0	13
1	6
0	9
0	625
0	15
8	28
0	9
0	9
0	624
0	541
3	9
0	8
0	10
0	10
0	8
0	11
0	5
0	10
0	14
0	59
0	21
0	103
0	20
0	37
0	16
0	22
0	6
0	626
0	35
0	23
0	9
0	9
0	9
0	3
0	22
0	9
0	5
0	6
0	14
0	1
0	0
0	0
0	195
0	1
0	0
0	140
0	140
84	350
0	2
0	5
0	12
0	3
0	3
0	10
0	10
0	10
0	0
0	4
0	11
0	9
4	14
0	11
0	12
0	4
0	7
0	9
0	10
0	10
0	11
0	9
0	9
0	10
0	9
0	11
0	8
0	11
0	10
0	9
0	5
0	6
0	8
0	11
0	6
0	10
0	12
0	9
1	13
0	552
0	543
0	545
0	546
0	548
0	590
0	589
0	591
0	14
0	11
0	13
0	10
2	12
43	643
0	18
0	14
0	31
0	22
0	16
0	23
0	23
0	21
0	21
0	22
0	9
0	624
0	624
0	626
0	627
0	627
0	624
0	41
0	40
0	10
0	13
0	29
0	2038
0	2038
0	2038
0	2044
0	2038
0	2043
1	26
0	19
0	20
0	16
0	0
0	0
0	14
0	6
0	6
0	3
0	506
0	478
0	1
0	6
0	3
0	7
0	4
0	3
2	3
0	0
0	0
0	163
0	0
0	0
0	76
0	0
0	41
0	0
0	21
0	19
0	19
0	15
0	23
0	22
0	22
0	10
0	624
0	624
0	627
0	624
0	624
0	628
0	626
0	627
0	41
0	60
0	23
0	8
0	2039
0	2038
0	2044
0	2038
0	2038
0	2043
0	20
0	16
0	20
0	0
0	0
0	7
0	0
0	1
0	6
0	7
0	3
0	2
0	1
0	8
0	2
0	2
0	3
0	1
0	160
0	1
0	3
0	1
0	155
0	7
0	3
0	7
0	7
0	1
0	1
0	2
0	6
0	0
0	0
0	0
0	497
0	7
0	0
0	7
0	1
0	0
2	0
0	0
0	0
0	0
0	0
0	0
0	0
0	0
0	6
0	505
0	7
0	1
0	506
0	1
0	1
0	1
0	153
0	8
0	160
0	1
0	7
0	0
0	1
0	6
0	478
0	7
0	3
0	1
0	13
0	7
0	4
0	7
0	2
0	1
0	0
0	0
8	208
0	0
0	0
0	0
0	0
0	0
0	1
0	7
0	7
0	7
0	160
0	7
0	7
0	7
0	7
0	245
0	7
0	1
0	2
0	0
0	2
0	4
0	2
0	1
0	0
0	2
0	1
0	0
0	977
1	2
0	0
0	0
0	206
0	0
0	0
0	0
1	215
0	240
0	0
0	0
0	210
0	0
0	0
5	0
0	0
103	4001
66	0
0	210
23	15
0	6
0	0
0	0
0	0
0	4001
0	240
0	202
0	210
0	0
0	210
3	210
0	6
0	0
0	0
0	210
5	7
0	0
0	0
0	0
0	0
0	8
0	4
0	2
0	6
0	10
0	10
0	9
0	9
0	10
0	10
0	2
0	7
0	6
0	5
3	1
2	0
0	6
0	7
0	6
2	4
0	6
1	5
0	7
0	187
0	192
0	176
0	174
0	174
0	2
0	4
0	175
0	7
0	6
0	9
0	174
0	5
0	8
0	7
0	175
0	175
0	8
0	9
0	7
0	175
0	5
0	5
0	488
0	488
3	0
1	0
35	210
0	2
0	4
0	3
0	5
0	6
0	1
0	4
0	2
0	5
0	4
0	5
0	4
0	5
0	1
0	1
0	7
0	2
0	0
9	2
0	3
0	2
0	5
0	2
2	5
0	17
0	80
0	91
0	93
1	17
0	80
0	90
0	90
0	91
0	91
0	91
0	74
0	76
0	20
0	23
0	23
0	23
0	25
0	44
0	47
0	17
0	23
0	44
0	24
0	40
3	64
0	23
0	23
0	25
0	61
0	14
0	20
0	25
0	30
0	29
1	25
0	23
0	14
0	21
0	25
2	17
79	10
17	4
9	0
17	2
1	0
0	0
0	0
0	0
0	2
0	0
1	5
0	218
0	6
0	8
0	3
0	7
0	2
0	218
0	2
0	7
0	3
0	2
0	3
0	6
0	3
0	2
0	2
0	2
0	4
0	7
0	3
0	5
0	2
0	2
0	6
0	4
0	3
0	1071
0	4
0	5
0	2
0	2
15	507
12	2
0	2
0	5
0	3
0	222
0	222
26	649
0	5
0	6
0	6
0	2
0	1076
113	260
0	3
0	4
0	218
0	8
0	2
0	5
0	4
0	218
0	8
0	5
0	2
0	3
0	6
0	2
1	5
0	6
5	16
5	0
0	0
0	0
0	0
0	30
0	30
0	30
0	30
30	57
0	58
0	11
1	30
150	521
0	27
0	30
0	30
0	30
0	27
0	1
0	0
0	0
0	47
0	0
0	0
0	0
0	0
0	0
0	0
0	1
0	0
0	0
0	1
0	0
0	0
0	0
0	1
0	0
0	2
0	1
0	0
0	1
0	0
0	0
0	1
0	0
0	0
0	0
0	0
0	0
0	0
0	1
0	1
0	0
0	0
0	0
0	1
0	0
0	0
0	0
0	0
0	1
0	1
0	1
0	1
0	1
0	0
0	3
0	1
0	0
0	1
0	1
0	0
0	0
0	0
0	0
0	0
0	0
0	0
0	0
0	0
0	0
0	0
0	0
0	0
0	0
0	0
0	1
1	3
0	2
0	0
0	0
0	0
0	0
0	3
1	3
0	0
0	39
15	1238
0	39
0	44
0	42
0	44
0	41
0	39
0	1
0	0
0	40
0	40
0	0
0	0
0	45
4	60
0	58
107	611
1	57
0	18
3	7
0	12
0	6
0	12
0	8
0	1257
0	1257
0	1
385	0
0	314
0	314
1	0
0	314
0	313
0	1947
0	1947
0	3
0	3
0	6
0	5
0	3
0	0
15	73
0	0
0	0
0	47
0	22
2	0
0	177
3	121
0	185
0	23
0	177
0	47
7	308
0	153
0	11
0	25
1	26
0	24
0	46
0	50
0	26
0	2
0	1
0	2
0	1
0	2
1	0
2	0
0	0
0	0
7	3
9	1169
0	0
0	0
0	0
0	0
0	0
189	215
0	0
0	0
0	0
0	0
6	20
0	0
0	0
0	0
441	1
0	0
0	5
0	5
0	0
6	2
11	0
0	0
0	0
0	0
76	0
0	0
0	0
0	0
0	0
0	0
0	0
0	0
0	0
0	0
0	0
0	0
0	0
0	0
0	0
0	0
0	0
0	0
0	0
32	0
0	0
0	0
35	5
0	4
0	0
0	0
5	0
0	0
0	2
5	0
0	0
0	163
0	0
0	76
0	0
0	0
3	41
78	0
0	3
11	0
0	0
0	0
0	0
0	1
1	0
1	1
0	0
0	0
0	1
0	0
3	0
2	3
33	0
0	2
0	2
0	3
0	2
0	2
0	2
0	3
0	2
0	0
0	2
0	4
0	2
0	0
0	2
0	0
0	3
0	3
0	3
0	3
0	2
0	2
0	4
0	2
0	1
0	2
0	2
0	3
0	2
0	2
0	0
0	3
0	2
0	2
0	2
0	2
0	3
0	2
0	2
0	2
0	1
0	0
0	2
0	2
0	3
0	0
0	3
0	2
0	3
0	2
0	2
0	3
0	2
0	0
0	2
0	2
0	2
0	2
0	2
0	2
0	2
0	2
0	2
0	2
0	2
0	3
0	0
0	2
0	2
0	3
0	1
0	2
0	2
0	2
0	4
0	2
0	2
0	2
0	3
0	2
0	2
0	2
0	3
0	2
0	2
0	3
0	2
0	2
0	2
0	2
0	0
13	0
22	0
0	0
0	14
0	418
0	7
0	14
1	6
1	1302
0	24
0	25
54	214
0	13
0	419
6	6
2	401
41	85
0	13
2	14
0	16
33	20
7	1163
0	26
0	16
0	7
4	12
0	14
0	15
0	17
0	13
0	7
0	6
0	7
0	13
2	6
0	15
0	402
3	7
31	525
0	5
0	1424
5	11
6	6
2	7
0	7
0	2
0	1
0	3
2	0
0	0
0	11
0	11
0	9
0	9
0	9
0	9
0	9
0	9
0	0
0	0
0	0
0	0
0	0
0	0
0	0
0	0
0	0
0	0
19	1965
0	0
0	0
0	0
0	0
0	0
0	0
0	0
0	0
0	0
0	0
0	0
0	477
0	477
0	0
0	0
0	0
0	0
0	0
0	0
0	0
0	0
0	0
0	0
0	0
0	0
0	0
0	0
0	0
0	0
0	0
0	0
0	0
0	0
0	0
0	433
0	0
0	0
0	0
0	0
0	0
0	0
0	0
0	0
0	472
0	0
0	0
0	0
2	0
0	0
51	184
0	160
0	93
0	10
0	0
0	0
0	0
0	0
0	0
0	0
0	0
0	0
0	0
0	0
0	0
0	0
0	0
0	0
0	0
0	0
0	0
0	0
0	0
0	0
0	0
0	0
0	0
0	6
0	138
0	0
0	0
0	79
0	0
0	0
0	0
0	144
0	144
0	0
0	138
0	9
0	9
0	3
0	3
0	0
0	6
0	6
0	1709
0	6
0	6
0	1709
0	0
36	2097
0	0
0	750
0	0
1	1054
2	5
0	730
0	730
0	0
0	730
0	0
0	730
0	0
4	0
56	380
0	0
0	0
0	0
0	0
0	815
0	815
0	816
0	815
0	0
0	0
0	1
0	0
0	1
4	21
0	0
0	0
0	0
0	8
0	0
1	57
0	0
0	145
0	144
0	151
0	143
0	199
0	143
0	1
0	0
0	9
1	1
0	1
0	1
0	9
0	0
0	0
0	0
0	8
0	0
0	0
0	0
0	8
0	0
0	438
0	469
0	458
0	0
0	0
0	0
0	0
0	0
0	0
0	0
0	0
0	0
0	0
0	0
0	0
143	3261
0	413
0	0
0	0
0	0
0	0
0	0
0	12
0	12
0	12
2	7
0	67
0	67
0	0
0	0
0	0
0	0
0	0
0	0
0	0
0	0
0	0
0	0
0	0
0	0
0	24
0	12
0	4
11	2
0	0
0	0
0	0
0	0
0	12
0	12
0	12
0	12
0	8
0	12
0	0
0	0
0	0
0	283
0	12
0	12
0	12
0	12
0	0
0	0
0	0
0	0
0	0
0	5
0	12
0	12
0	0
0	0
0	0
0	0
0	5
0	5
0	12
0	12
0	0
0	0
0	0
0	0
0	0
0	0
0	0
0	5
0	12
0	12
0	12
0	12
0	12
0	0
0	445
0	445
0	443
0	431
0	431
0	431
0	443
0	347
0	316
0	308
0	4
0	0
0	5
0	12
0	28
0	12
0	12
0	0
0	12
0	12
0	4
0	0
0	0
0	0
0	0
0	0
0	12
0	0
0	0
0	0
0	0
0	4
0	0
56	662
0	4
0	24
0	0
0	0
0	0
0	0
0	2
0	6
0	2
0	0
0	0
0	0
0	0
0	0
0	4
0	5
0	5
0	1
0	4
0	4
0	0
0	0
0	484
0	478
0	435
0	404
0	466
0	461
0	447
0	484
0	471
0	486
0	468
0	182
0	454
0	474
0	168
0	486
0	0
0	50
0	26
5	4
0	51
0	35
21	71
0	0
0	0
0	12
0	12
0	0
0	0
0	0
0	17
0	0
0	0
0	0
0	0
0	0
0	12
0	0
0	0
0	0
0	12
0	0
0	0
4	1
0	0
0	0
166	3229
0	0
0	0
0	232
0	534
0	0
0	0
0	0
0	0
0	0
0	0
0	0
0	0
0	0
0	0
0	0
0	0
0	0
0	0
0	0
0	0
0	0
0	0
0	0
0	0
0	0
0	0
0	0
0	0
0	0
0	0
0	0
0	0
0	0
0	26
0	0
0	0
0	0
0	4261
0	0
0	0
0	0
0	0
0	0
0	0
0	0
0	0
0	0
0	232
0	0
0	534
0	0
0	0
0	0
0	0
0	0
0	0
0	0
0	0
0	0
0	0
0	0
0	0
0	0
0	0
0	0
0	0
0	0
0	0
0	0
0	0
0	0
0	0
0	0
0	0
0	0
0	0
0	0
0	0
0	0
0	0
0	0
0	0
0	0
0	0
0	0
0	0
0	0
0	0
0	0
0	0
0	0
0	0
0	0
0	0
0	0
0	0
0	0
0	0
0	0
0	0
0	0
0	0
0	0
0	0
0	0
0	0
0	0
0	0
0	0
0	0
0	2687
1	309
0	0
7	314
0	0
0	0
0	0
0	0
0	0
0	0
0	0
0	0
0	0
0	0
0	0
0	0
0	0
0	0
0	0
0	0
0	473
0	180
0	0
0	0
0	0
0	0
0	0
0	0
157	443
0	0
0	0
0	0
0	0
0	0
0	0
0	0
0	0
0	2704
0	0
9	739
0	0
0	0
0	0
0	0
0	0
0	0
0	0
0	0
0	0
0	0
0	0
0	0
0	0
0	0
0	0
0	0
0	0
0	0
0	0
0	0
0	0
0	0
0	0
0	0
0	0
0	0
0	0
0	0
0	0
0	0
0	0
0	0
0	0
0	0
6	897
0	0
0	0
0	757
0	0
0	0
0	0
0	0
0	0
0	0
0	0
0	0
0	0
0	0
0	0
0	0
0	180
0	0
0	0
48	4567
0	0
0	0
0	0
0	0
0	0
2	0
0	0
0	0
0	0
0	1245
0	0
0	1744
0	0
0	0
0	0
0	0
0	0
0	0
0	0
0	0
0	0
0	0
0	0
0	0
0	0
0	0
0	0
0	180
0	0
0	0
0	0
0	0
0	0
0	0
0	0
0	2687
0	473
0	473
0	0
0	2687
0	0
0	534
0	2687
0	0
0	534
0	0
0	0
0	0
0	0
0	0
0	0
0	0
0	0
0	0
0	0
0	0
0	0
0	0
0	832
0	0
0	0
0	0
0	0
0	0
0	0
0	0
0	0
0	0
0	0
0	0
0	0
0	151
1	0
0	26
0	26
0	26
0	26
0	0
0	0
0	2658
0	2339
0	0
0	0
1	147
0	0
3	0
43	2030
0	0
0	0
0	0
0	0
0	0
0	1208
0	0
0	0
0	0
0	0
0	534
0	0
0	0
0	0
0	0
0	0
0	0
0	0
0	1954
17	839
0	2922
0	1087
0	0
5	152
0	0
4	152
0	0
0	0
0	0
0	90
0	90
0	90
0	90
0	90
14	189
0	90
0	0
0	0
0	0
0	0
0	0
0	0
0	0
0	0
0	0
0	0
27	893
0	0
0	9
0	9
0	9
0	9
0	9
0	9
0	9
0	44
0	44
0	44
0	82
0	44
0	44
0	44
0	44
0	44
0	44
0	786
0	44
0	787
0	0
32	383
0	10
0	9
0	11
0	10
0	10
0	10
131	2807
0	4
0	0
0	3
0	5
54	0
0	0
0	0
0	117
0	111
0	144
0	147
0	146
0	228
0	137
0	137
0	231
0	232
0	141
0	140
0	146
0	233
0	146
0	138
0	233
0	146
0	145
0	145
0	147
0	136
0	145
0	144
0	227
3	43
3	11
4	3
0	11
0	1
9	38
0	0
0	0
4	5
0	0
0	0
0	0
0	0
0	0
0	0
0	0
0	0
1	202
183	3639
35	0
0	0
0	2
0	2
0	199
0	198
0	201
0	202
0	199
0	233
0	198
0	235
0	252
0	1
0	1
0	1
0	1
0	0
269	319
0	131
0	128
0	100
0	105
0	1
0	67
0	49
0	1
0	1
0	1
0	0
0	0
0	0
1	0
0	0
0	9
0	9
0	8
0	8
2	3
0	3
1	0
1	0
0	7
0	6
0	6
8	4
2	4
0	2
0	0
0	299
1	308
0	26
0	10
0	5
0	22
1	0
0	0
2954	211
0	0
0	0
3	0
0	0
0	0
0	0
0	0
18	0
0	0
0	0
13	48
0	0
0	64
1	64
0	64
0	0
20	125
0	0
23	0
15	0
0	122
0	122
0	0
0	0
1	0
0	0
0	0
0	0
9	0
0	0
0	0
0	0
0	0
0	0
0	0
0	22
0	22
0	22
0	23
0	23
0	0
0	0
0	0
0	0
0	0
0	0
0	0
0	0
0	0
0	1
0	0
0	0
0	0
0	1
0	0
0	0
0	0
0	1
0	1
0	1
0	0
0	0
0	15
0	0
0	1
0	0
0	0
0	1
0	0
0	0
0	0
0	0
0	1
0	0
0	0
0	0
0	1
0	1
0	1
0	0
0	0
0	0
0	1
0	0
0	0
0	1
0	1
0	0
0	0
0	3
0	1
0	3
0	3
0	1
0	0
0	15
0	0
0	0
0	0
0	0
0	1
0	4
0	0
0	3
0	0
0	0
17	93
46	85
0	0
0	0
0	0
0	0
0	0
0	0
0	0
0	1
0	0
0	0
73	1060
0	3
0	4
264	211
0	0
4	0
0	0
0	0
0	0
0	0
0	0
0	0
1	0
0	0
0	0
0	0
0	0
1	0
16	314
5	0
2	0
0	2
0	0
0	0
12	0
0	0
0	0
0	150
0	150
0	0
0	0
0	2
0	2
0	3
0	0
0	0
0	0
0	868
0	868
0	603
0	603
0	0
0	0
0	0
0	0
0	0
0	0
0	0
0	0
0	0
0	0
0	0
0	0
0	0
12	0
8	19
11	3
0	0
0	0
69	1036
0	0
0	0
0	0
0	0
19	0
0	0
0	0
4	0
5	0
0	0
0	0
0	0
0	0
0	0
0	30
0	30
0	30
0	0
0	0
0	0
0	0
0	0
0	0
0	0
0	2
0	0
0	0
0	2
0	0
0	0
0	0
0	0
0	0
0	2
0	0
0	0
0	0
0	0
3167	0
0	0
0	0
0	0
0	0
1	0
0	0
10	41
0	0
0	0
36	64
0	0
0	0
0	0
0	0
0	9
0	9
0	0
0	0
0	0
25	2174
6	300
54	147
4	1
0	0
0	0
0	0
0	0
0	0
37	0
0	0
0	0
0	0
0	0
0	8
0	8
0	765
0	25
0	665
0	0
0	0
0	8
282	771
0	0
0	0
0	8
0	0
0	0
1	663
0	0
1	0
0	765
0	59
0	59
0	59
0	8
0	8
0	8
0	0
1	765
0	0
0	59
0	8
0	8
0	8
0	0
0	0
8	195
0	0
0	0
0	0
0	0
0	0
0	0
0	0
1	0
0	0
0	8
2	8
0	0
0	406
0	406
0	0
0	376
0	0
110	1659
0	0
46	723
1	1046
41	406
0	716
179	2678
995	2275
13	87
0	0
0	0
0	0
0	0
0	0
0	0
0	0
0	0
0	0
0	0
0	0
0	0
0	0
0	0
0	0
0	0
0	0
0	0
0	0
0	0
0	0
0	0
0	0
0	0
0	0
0	0
0	0
0	0
0	0
13	205
0	203
0	203
0	0
0	0
1	0
1	4
0	0
0	4
0	4
0	1
0	0
0	0
1	1
0	0
0	0
0	0
0	135
0	146
0	144
0	129
0	96
0	139
0	117
0	119
0	91
3	140
0	137
0	115
0	114
0	110
0	0
0	605
231	554
0	604
0	1
2	0
105	1795
0	0
2	0
1	0
0	0
1	0
1	587
0	54
0	153
0	154
0	143
0	127
1	123
0	130
0	138
0	127
0	155
0	176
0	162
0	1657
1	153
0	129
0	126
0	141
0	1658
0	1528
0	152
0	1656
0	126
0	125
0	1632
0	130
1	162
0	129
0	135
0	125
0	133
0	128
0	61
0	1651
0	117
0	142
0	1520
0	119
0	128
0	110
0	122
0	113
1	101
0	712
0	711
0	725
0	671
0	318
0	718
0	403
0	723
0	711
0	716
0	304
0	405
0	708
0	537
0	262
0	333
0	347
0	724
0	297
0	381
0	295
0	400
0	386
0	706
0	719
0	47
0	497
1	385
0	702
0	291
7	716
0	708
0	711
10	733
0	398
42	744
0	713
7	0
6	5
0	0
0	0
0	0
0	0
0	0
0	0
0	0
0	0
0	0
0	0
0	0
0	0
0	0
0	0
0	0
0	0
0	0
0	0
0	0
0	0
0	0
0	0
0	0
0	0
0	0
0	0
0	0
0	0
0	0
0	0
0	0
0	0
0	0
38	2718
0	0
0	1380
0	0
0	801
0	0
0	1380
91	616
0	579
0	0
15	1
0	0
0	0
131	1376
0	0
0	0
0	0
0	0
0	0
0	663
0	663
0	663
0	0
0	0
0	584
0	0
44	2952
1	0
0	0
0	584
0	648
0	0
0	0
0	0
0	0
24	121
14	3
0	0
0	0
0	0
0	0
0	6
0	0
1	0
30	29
0	0
0	52
0	52
0	52
0	0
0	0
0	0
0	0
0	0
2	0
67	2003
0	0
0	0
0	0
0	0
0	0
0	0
0	0
0	0
0	0
85	1143
0	0
0	0
0	0
0	0
0	0
2	0
0	0
0	0
0	0
0	0
0	0
0	0
14	52
0	0
1	0
0	0
0	0
0	0
0	0
0	0
62	0
0	0
2003	354
0	181
0	0
77	0
0	0
2	3
0	0
0	0
2	1
11	411
0	0
0	0
0	0
0	0
0	0
0	0
0	0
0	0
0	0
0	0
0	0
0	0
0	0
0	0
0	0
0	0
0	202
10	70
0	202
0	0
56	2876
0	0
0	2107
0	6
1	0
0	0
0	0
82	3991
0	5
19	6
3	2
0	0
0	2
0	7
0	7
0	0
0	0
107	2233
0	0
0	0
0	0
0	11
0	11
0	11
0	0
0	0
0	0
0	0
0	0
0	0
0	0
0	0
0	0
0	0
0	0
0	0
0	5
0	0
0	0
0	0
0	0
0	0
0	0
0	5
0	0
0	0
0	0
0	0
0	0
0	0
0	1128
0	72
0	0
0	1128
0	0
0	0
0	0
0	72
0	70
0	0
0	70
0	0
0	0
4	70
0	0
0	0
0	0
0	0
0	0
0	142
0	135
1	34
0	74
0	33
0	0
0	53
459	53
20	0
0	0
0	0
0	696
0	734
0	746
0	746
0	746
0	728
0	708
0	18
7	35
14	192
1	106
0	1
0	2
0	2
0	2
0	2
0	2
0	2
0	3414
0	3378
5	2889
0	2865
0	4303
0	3216
1	3956
0	260
0	2866
0	2864
0	2864
0	2797
0	2866
0	2795
4	2849
0	2791
0	245
0	244
2	2760
4	0
2	4
96	937
0	98
0	1866
0	96
0	106
0	30
0	1799
1	1633
0	3
0	269
0	247
0	273
16	259
0	268
0	374
0	203
0	33
0	274
0	273
0	374
0	268
0	249
0	193
0	196
0	251
0	374
0	194
0	260
0	367
0	259
0	258
0	260
0	242
0	258
0	367
0	253
0	258
0	237
0	258
0	253
0	170
0	255
1	260
0	369
45	148
0	140
0	2205
0	1929
13	679
0	2290
0	2173
0	2164
0	2044
0	2072
0	2296
0	2145
0	2173
0	2207
0	1884
0	2081
0	2077
0	1717
0	2235
0	2103
9	238
0	123
0	162
0	833
126	2904
2	648
5	584
1	106
0	460
0	456
0	458
3	488
0	449
0	360
2	23
0	13
0	443
17	362
0	436
0	350
0	385
0	437
0	350
0	435
0	377
2	405
139	2722
0	342
45	444
3	120
13	0
0	430
0	427
0	185
0	433
0	424
0	383
0	131
3	39
2	0
0	177
1	1
0	1
1	0
0	68
0	1
0	0
0	0
0	0
0	1
0	0
0	25
9	105
1	0
0	3
0	5
0	3
4	7
0	1
3	0
6	1022
2	1016
1	830
0	801
0	1002
15	1019
0	1020
0	1012
0	1019
0	1019
0	1020
0	1017
0	122
0	1016
0	4
0	340
0	57
0	793
0	53
0	44
1	1011
0	47
0	28
26	12
1	0
1	0
118	694
0	0
1	0
0	0
11	0
2	0
1	0
0	10
0	10
0	11
0	11
0	10
5	11
0	11
1	0
1	0
0	2
1	0
0	0
0	1
0	1
2	1358
0	1353
0	1
0	1
0	0
0	0
0	0
0	0
185	0
0	0
0	0
0	0
0	0
0	0
0	0
0	0
0	0
0	0
0	0
0	0
0	0
0	0
0	0
0	0
0	0
0	0
0	0
0	0
0	0
0	0
0	0
0	0
0	0
0	0
0	143
0	111
0	0
0	0
0	0
0	0
0	0
0	0
0	0
0	0
0	0
0	0
0	0
0	0
164	859
0	0
0	0
0	0
0	0
0	0
0	0
0	0
0	0
0	0
0	0
5	4
0	26
0	26
0	0
173	0
0	26
0	3
0	3
0	3
0	0
0	2
0	2
0	3
26	513
0	3
0	3
278	3070
1	2
0	3
0	2
0	1
0	2
0	0
0	0
75	2245
0	0
0	0
2	0
1	2372
0	2371
4	0
0	0
0	0
42	994
59	0
73	146
0	133
0	642
0	630
0	630
0	874
0	579
0	869
0	186
0	810
4	2733
0	691
0	708
0	882
0	241
13	639
7	0
16	3
5	1151
0	1364
0	1336
0	1258
0	1173
0	1317
0	1341
0	1333
0	1309
0	1341
0	1175
0	1317
0	1331
0	1292
0	1268
0	895
0	1142
0	1285
62	733
20	69
2	405
2	0
2	0
3	0
373	0
0	0
0	0
140	1880
0	1489
0	3
0	4
0	5
0	0
0	0
0	0
0	0
0	0
0	0
1	0
0	0
0	0
47	4
0	0
67	582
0	161
0	164
0	60
0	12
1	32
18	115
0	115
0	7
0	7
0	7
0	3
0	3
0	4
0	4
0	3
0	0
0	0
0	0
40	2296
0	2272
0	2265
0	2269
0	5
0	1
0	0
13	0
51	1696
0	0
0	0
0	2868
0	2868
0	0
0	2868
1	0
0	0
0	0
0	0
0	0
0	0
0	0
0	0
0	0
0	0
0	0
0	0
0	0
0	0
0	0
0	0
0	0
0	0
0	0
0	0
3	0
0	0
0	0
0	0
1	106
22	3
9	1439
15	2978
5	752
0	842
0	776
0	1906
0	1804
0	105
0	0
0	1
0	1
96	1038
0	0
0	0
0	0
91	2302
0	0
0	94
0	106
0	184
0	173
0	93
0	80
0	86
37	1986
0	1897
0	1
0	27
0	105
0	99
0	0
0	0
0	0
0	0
0	0
0	0
0	0
0	0
0	8
0	52
0	81
0	11
2	1
5	5314
0	5277
0	115
2	151
0	78
0	165
0	88
0	318
0	137
0	144
0	323
0	147
0	50
0	38
0	119
0	79
0	328
0	71
31	0
0	0
0	112
0	112
0	111
0	57
0	111
0	112
0	112
0	112
0	112
0	7
5	62
1	2
0	6
0	34
0	4
0	3593
0	3602
0	3607
17	3623
0	3641
0	3641
1	3643
0	3607
0	3630
0	3639
0	3674
49	1441
0	84
0	4
0	494
124	337
0	459
0	493
0	398
1	376
22	208
104	96
5	282
0	1
0	14
0	141
48	109
0	955
0	5
0	3
0	5
0	548
0	3
208	201
0	5
0	3
0	553
0	4
0	3
0	3
0	3
0	3
61	1688
0	281
0	3
0	3
0	5
1	4
0	5
0	5
0	3
0	4
0	3
0	5
0	3
0	18
0	2
0	4
0	3
0	29
0	0
0	1
0	1
78	501
0	3
273	4315
0	2815
0	0
0	0
0	0
0	0
822	173
2	0
1	0
0	0
0	2
0	0
151	202
0	0
0	0
0	0
0	0
0	0
0	0
0	0
0	0
0	0
0	0
0	0
0	0
0	0
0	0
0	0
0	0
1	0
0	0
0	0
0	0
0	0
0	13
0	0
0	0
0	0
0	13
0	0
0	0
26	2240
0	0
0	0
0	0
0	0
0	0
0	0
0	0
0	0
0	0
0	0
0	0
0	0
0	0
0	0
0	0
0	0
0	0
0	0
0	0
0	0
0	0
0	1316
0	1316
0	1316
0	1316
0	1316
0	1317
0	1317
0	1534
0	0
0	1162
0	242
0	257
0	1156
0	1550
0	1073
0	1551
0	1399
2	1553
0	23
56	3338
428	1339
1	368
1	1379
0	222
0	163
0	190
0	1404
0	132
54	1397
1	858
0	97
0	68
11	1171
0	865
0	845
0	881
0	854
0	71
0	862
0	124
56	1401
20	299
11	758
0	30
12	6
2	97
4	3
2	0
0	3819
0	3821
0	3772
0	772
0	3808
0	239
0	239
0	127
0	3808
158	1893
0	1312
0	124
0	1908
0	3806
0	3828
0	279
0	3793
0	3083
0	3810
2	3832
0	3074
0	3103
0	3835
0	3014
207	3326
0	1299
0	3779
0	101
0	3024
0	3069
0	3819
0	3021
7	0
175	2081
2	3794
88	2784
1	0
1	20
0	268
0	516
0	870
0	867
2	141
0	513
0	297
0	502
0	843
2	12
4	52
8	2720
0	7
58	51
0	2683
0	2638
1	2683
45	2846
0	2638
0	60
0	82
1	83
143	159
4	4
0	11
3	12
0	0
0	0
157	80
0	0
0	0
916	6441
0	7
0	6
0	6
0	6
0	6
0	6
7	0
0	5106
0	5070
2	5097
0	5097
0	713
0	799
0	803
0	830
0	785
0	715
0	743
0	796
0	814
0	658
0	818
0	785
0	730
0	801
0	670
0	800
0	710
0	702
0	716
5	13
13	11
110	0
1	22
15	130
70	379
114	2017
15	34
2	61
0	142
0	133
3	114
29	8
0	47
1	59
0	2551
0	500
80	1809
0	512
0	498
38	2210
0	2525
101	2101
0	54
0	3
0	1557
2	214
3	9
20	18
27	5
0	83
0	80
0	56
0	60
1	110
16	248
0	139
10	67
0	157
0	159
0	140
0	564
0	654
0	623
0	617
0	658
1	616
0	612
0	520
0	120
0	157
0	156
0	128
0	176
0	177
4	190
0	121
0	50
0	135
0	80
0	154
0	118
0	43
1	16
0	280
0	129
0	125
0	126
0	128
0	79
0	113
0	118
0	126
22	39
0	128
0	104
0	113
0	125
0	119
0	16
0	33
0	113
0	48
0	22
61	461
0	266
0	282
0	55
0	25
1	13
0	60
2	49
31	168
0	45
2	44
154	1040
0	0
170	2924
0	35
1	5
4	4
0	52
0	36
0	52
0	34
0	47
86	1475
0	4
0	7
0	26
0	1
0	21
129	2734
0	2
0	2
0	1
0	0
0	4
0	2
0	1
0	7
0	4
0	5
0	4
0	6
0	3
0	0
0	0
0	0
10	489
0	64
0	187
45	200
0	25
0	363
0	385
0	459
0	350
0	337
0	79
0	413
0	311
0	114
0	138
0	202
0	214
0	104
0	313
0	270
0	419
0	406
4	68
0	1
0	2
0	6
0	7
0	33
0	2
0	2
0	2
28	1600
0	13
5	55
0	53
0	39
177	1911
0	59
0	114
0	40
0	61
0	37
0	61
0	472
13	150
0	113
0	30
0	49
0	57
0	34
0	33
0	58
0	64
0	86
0	50
0	25
0	45
0	16
0	440
0	36
0	3
0	2
0	27
0	31
0	2
0	2
0	2
2	2
0	0
0	0
0	0
0	0
0	0
0	401
0	0
0	1
0	1
0	401
0	0
0	1
0	4
0	4
0	401
0	414
0	13
0	414
0	1
1	5
6	4
0	2
0	470
0	2
27	27
0	2
0	0
0	0
41	62
0	0
0	0
0	0
1	0
0	0
32	923
1	218
4	238
0	460
880	246
4	235
0	39
0	34
55	253
0	253
75	80
0	1
0	0
0	10
0	0
0	4
0	3
0	2
106	1881
0	1
0	2
0	12
0	1
0	2
0	0
0	0
0	0
0	0
0	0
0	2
0	0
0	0
30	18
4	415
29	14
0	1
1	3
0	1
0	1
0	72
0	969
0	970
0	79
0	32
0	975
0	18
0	976
0	973
77	1243
1	27
3	19
0	972
0	972
0	973
0	10
0	72
0	970
0	968
0	965
165	1673
0	12
0	0
0	0
100	482
0	0
0	0
0	0
0	0
0	0
0	0
0	0
0	0
0	0
0	0
0	0
0	0
0	0
0	0
0	0
0	0
0	0
0	0
0	0
0	0
0	0
104	1786
0	0
0	0
0	0
0	0
0	3
0	3
0	3
0	3
20	3005
0	3
0	3
0	3
0	3
0	3
0	0
0	0
0	0
0	0
0	0
0	393
0	393
0	393
0	0
0	0
0	0
0	0
222	1756
0	991
0	985
0	0
0	6
27	13
0	365
0	363
8	363
1	82
0	99
4	61
1	1
0	71
2	0
92	1512
0	48
1	0
2	0
0	2
1	23
0	151
0	13
0	0
0	0
0	0
0	0
6	30
0	0
43	0
0	0
0	0
0	0
0	0
0	0
6	0
2	214
0	0
369	617
0	66
0	4108
0	62
0	62
0	55
0	61
0	63
0	65
1	69
0	50
37	42
0	62
0	59
0	64
0	4107
0	62
0	55
0	65
0	64
0	51
3	10
0	30
0	27
0	30
0	27
0	18
0	16
0	8
0	16
0	6
101	0
0	0
0	2
0	2
0	2
0	0
0	10
1	58
4	9
1	4
2	56
0	13
0	0
0	0
0	371
0	371
22	1
0	1
0	1
0	1
0	1
0	1
13	6
4	17
92	144
0	71
0	130
0	387
0	387
0	6
0	372
0	372
0	372
0	6
0	373
0	776
0	372
0	373
0	372
0	775
0	372
0	1269
0	372
0	372
0	372
0	373
0	372
0	775
0	372
0	372
0	371
0	371
0	370
0	964
0	368
0	367
0	367
0	367
0	367
0	404
0	1
0	468
0	0
31	513
0	1201
0	1874
130	3749
86	63
43	187
0	0
0	0
0	0
0	0
0	0
192	5663
0	0
48	52
0	3120
0	3117
0	1485
0	1375
0	1488
0	1495
0	1483
0	1485
0	1390
0	1494
0	6
1492	0
301	1203
30	0
2	0
32	2368
0	337
0	328
1	5
1	16
62	2258
5	15
0	43
0	23
0	42
0	22
0	43
0	35
0	697
0	186
0	82
0	117
1	120
0	464
0	91
0	681
0	99
27	178
0	119
251	5154
0	659
0	111
0	89
67	250
0	0
2	5
0	0
40	44
0	6
0	0
0	0
0	6
0	6
0	6
61	5
0	0
0	0
0	0
0	0
2	0
0	0
0	0
0	0
0	0
0	0
47	775
0	0
0	0
49	646
0	0
0	0
0	0
72	52
0	0
66	396
0	54
0	0
0	0
0	0
0	0
0	0
0	0
0	0
0	5
25	62
150	1226
0	1
0	0
8	270
0	271
0	271
23	1408
0	227
1	224
0	145
0	0
0	0
1	18
0	15
0	22
0	0
219	4031
101	3222
0	44
0	0
0	0
8	0
0	3574
0	3574
0	3574
0	0
0	0
146	1038
0	59
0	59
0	42
0	58
0	58
0	65
19	75
0	17
0	58
0	16
0	58
0	58
0	16
3	6
0	15
0	3387
0	3608
0	1473
0	1477
0	3592
1	3029
0	3356
0	1263
3	3493
0	220
0	882
15	83
7	3584
124	6429
15	79
0	3610
0	3585
5	25
0	2
8	0
336	5846
0	301
3	419
1	1077
5	267
2	1
0	380
0	182
0	10
3	10
6	0
0	0
0	0
0	0
0	0
0	0
0	0
0	1
0	1
0	1
0	6
0	0
0	0
1091	2690
4	8
0	10
27	5
2	3
0	4
0	84
0	84
5	3
0	8
0	3
5	3
0	3
0	3
7	2
0	9
15	2
0	2008
47	1961
1	1996
11	2004
0	1983
0	2005
0	2006
0	1994
0	1972
0	1981
0	2002
0	2001
0	2003
0	1975
0	1977
0	1975
0	1990
0	81
0	50
0	43
0	53
0	65
0	45
2	3
2	24
3	24
0	6
0	18
3	18
0	83
4	0
0	0
8	90
1	0
0	2
7	3
0	168
0	243
0	349
0	487
0	484
3	5067
0	513
0	491
0	281
4	484
0	321
0	484
0	18
0	32
0	298
0	286
3	5050
0	4
0	100
0	126
3	99
0	114
0	126
79	1254
9	19
0	0
1	49
0	51
1	180
37	1007
0	0
1	0
4	0
0	5
36	56
0	0
0	0
0	0
0	0
0	0
0	0
566	1551
0	0
53	1901
0	0
0	0
17	3
0	0
63	95
0	0
0	0
0	0
0	0
0	0
0	0
0	0
0	0
0	0
0	0
0	0
0	0
0	0
0	0
0	0
0	0
0	0
0	0
0	0
0	0
0	0
0	0
0	0
0	0
0	0
0	0
0	0
0	0
0	0
0	0
0	0
53	236
0	0
0	0
1	0
0	0
0	0
0	0
0	0
0	0
0	0
0	0
0	0
0	0
0	0
0	2728
0	0
0	0
0	0
0	0
0	0
0	0
0	0
0	2728
0	0
0	0
0	0
0	0
0	0
0	0
0	0
0	0
0	0
0	0
9	0
0	0
0	0
0	0
0	0
0	0
0	0
0	0
0	0
0	0
0	0
0	0
0	0
0	0
0	0
0	0
0	0
0	0
0	0
0	0
0	0
0	0
0	0
0	0
0	0
0	0
0	0
0	0
0	0
0	0
0	0
0	0
0	0
0	0
0	0
0	0
0	0
0	0
0	0
0	0
0	0
0	0
0	63
6	627
0	0
0	0
0	0
0	0
0	63
0	63
0	0
0	60
0	0
0	0
0	0
0	0
7	34
0	0
0	0
0	0
28	1
1	0
0	0
0	494
0	733
0	725
0	725
0	38
0	728
0	732
1	714
0	570
65	734
0	714
0	702
0	729
0	601
0	535
0	98
0	718
0	712
0	556
0	712
0	190
0	3
1	461
108	2382
1	697
3	9
1	0
0	1
0	0
0	0
0	0
0	0
0	0
0	0
0	0
0	0
0	1
0	1
0	0
0	14
0	1
0	1
0	0
0	1
0	0
0	1
0	0
0	1
0	1
0	15
0	1
0	1
0	0
0	15
0	1
0	1
0	1
0	14
0	0
0	0
0	1
0	1
0	1
0	14
0	0
0	0
0	0
0	0
0	0
0	0
0	0
0	0
0	1
0	0
0	0
0	0
0	0
0	453
0	0
0	0
0	1
0	0
0	0
0	0
0	0
1	1
0	1
0	1
0	1
0	1
0	1
0	1
0	1
0	1
0	1
0	1
0	1
0	1
0	1
0	1
0	1
0	1
0	1
0	1
0	1
0	0
0	0
0	0
0	0
0	0
0	0
0	0
0	0
0	0
0	0
0	0
0	0
0	95
0	95
0	95
0	0
0	0
0	0
0	0
0	0
0	0
0	0
0	0
0	0
0	0
0	0
0	0
0	0
0	0
0	0
0	1
0	1
0	0
0	0
0	0
0	0
0	0
0	0
25	1
0	1
0	2
0	1
0	1
0	2
0	1
0	0
0	0
0	0
0	0
0	0
0	0
27	13
0	0
0	0
0	0
0	0
0	0
189	610
147	8
0	8
60	275
4	88
0	47
0	113
0	83
0	175
0	174
0	173
0	140
0	169
0	148
0	122
0	129
0	1
38	700
0	7
382	836
0	444
0	686
0	633
0	684
1	25
0	114
1	58
3	0
3	0
6	0
0	120
0	132
0	108
0	138
0	116
0	2
149	69
116	2340
0	3
3	0
0	4
1	4
0	1503
0	1550
0	1597
248	2349
2	1564
4	2032
0	1485
0	1410
0	1576
0	1565
0	1526
0	1569
0	1570
0	1563
0	1544
0	1548
0	1078
0	987
0	860
3	833
0	803
0	650
0	581
0	307
0	438
0	188
1	0
0	145
0	246
0	164
6	122
0	160
1	0
0	0
0	0
0	26
9	761
0	772
2	169
0	29
0	39
0	31
0	41
85	487
3	8
0	6
0	110
0	54
0	148
0	2
0	20
0	152
0	86
0	16
0	5
5	32
0	208
0	210
0	15
0	13
0	13
0	7
0	1
0	3
4	2
4	3
0	1
0	0
0	0
0	2
0	0
0	3
0	1
0	2
0	1
0	1
0	1
0	1
0	0
0	0
0	0
0	0
176	3048
2	6
0	6
0	4
0	2
1	4
0	0
0	6
0	3
0	6
0	6
0	6
0	6
0	1
79	1
0	0
0	4
0	0
0	0
0	0
0	912
0	0
6	7
0	4
0	2
0	2
93	1960
0	1849
0	581
0	0
0	0
0	0
0	0
0	912
0	0
0	0
0	0
0	0
0	0
0	0
0	0
0	0
0	0
0	0
0	0
0	0
0	0
0	0
0	0
0	0
0	0
0	0
17	0
0	0
0	0
0	0
0	0
0	0
0	0
2	0
0	0
0	0
0	0
0	0
0	0
0	0
0	0
0	0
0	0
0	0
0	0
0	0
0	0
0	1262
0	1262
0	837
0	817
0	2550
0	2550
0	817
0	679
0	679
0	679
0	560
0	2293
0	560
0	1
0	0
0	0
0	0
0	0
0	0
0	0
0	0
0	0
0	0
0	0
0	0
0	0
0	0
0	0
0	0
0	0
0	0
0	0
0	0
0	0
0	0
0	0
0	0
0	0
0	180
0	2935
0	207
2	195
0	235
0	125
0	193
0	153
0	180
0	107
0	2995
0	0
0	0
0	0
0	0
0	443
0	0
0	0
0	0
0	0
0	0
0	0
0	0
0	443
0	0
0	0
0	0
0	0
0	0
0	0
0	0
0	0
0	0
0	0
0	27
3	130
2	73
13	244
0	131
0	123
1	4
0	0
36	1283
4	5
0	12
1	12
0	12
0	12
0	12
0	427
0	349
1	56
0	519
0	14
0	433
2	457
0	472
0	510
0	458
120	181
0	421
0	470
0	459
0	523
0	458
6	485
1	103
1	476
0	532
0	46
0	534
59	232
21	409
23	391
0	77
0	67
118	455
0	298
7	265
17	214
205	1017
0	239
0	5
0	239
0	239
0	239
0	239
0	239
0	4
0	239
0	5
0	5
0	239
0	5
0	5
0	5
0	5
0	5
0	239
2	3
0	5
0	5
0	5
0	5
0	5
0	5
0	239
0	5
0	5
0	5
0	5
0	5
0	5
0	5
0	5
0	5
12	4
0	5
0	5
0	239
0	5
0	5
0	5
0	5
0	239
0	239
0	5
0	5
0	5
0	5
0	239
0	5
0	4
0	5
0	5
0	220
0	5
0	5
0	5
0	10
0	4
0	5
0	5
0	5
0	5
0	5
0	5
0	5
0	3
0	6
0	6
0	5
0	239
0	239
0	5
0	5
0	8
0	10
0	5
0	5
0	239
0	239
0	239
0	239
7	408
0	239
0	5
0	5
0	5
0	5
0	5
0	239
0	239
0	5
0	5
0	5
0	239
0	239
0	5
259	1486
0	5
0	1
132	7125
0	0
0	1
0	0
0	0
1	0
0	0
0	0
0	0
0	0
0	0
0	0
0	0
0	0
0	0
0	0
0	0
0	0
0	0
0	0
0	0
0	0
0	0
0	0
0	0
0	0
0	0
0	0
0	0
0	0
0	0
0	0
0	0
0	0
0	0
0	0
0	0
0	0
0	0
0	0
0	0
0	0
0	0
0	0
0	0
0	0
0	0
0	0
0	0
0	0
0	0
0	0
0	0
0	0
0	0
0	0
0	0
0	0
0	0
0	0
0	0
0	0
0	0
0	0
0	0
0	0
0	0
0	13
0	13
0	0
0	0
0	0
0	0
0	1044
0	0
0	0
0	0
0	0
0	0
0	0
0	0
0	0
0	50
0	0
0	0
0	1044
0	0
0	0
0	0
0	0
0	0
0	55
196	1149
0	139
0	195
0	201
0	196
0	189
0	193
1	102
0	7
0	13
0	14
0	11
1	14
0	3
2	0
5	1
4	0
0	0
0	2098
0	2098
0	2098
0	2098
0	2098
0	2098
0	0
0	0
0	0
0	0
0	183
0	218
0	190
0	188
0	147
6	142
0	17
0	10
0	3
0	4
1	1
0	1
0	27
0	35
0	34
0	27
0	26
0	1
0	0
0	26
0	0
0	0
0	0
0	0
0	0
0	0
0	0
0	0
1	396
0	0
0	0
0	26
0	26
0	0
0	26
0	0
0	26
0	26
0	27
0	0
0	0
0	0
35	3
0	26
0	0
0	0
0	26
0	0
0	0
0	0
0	26
0	0
0	0
0	26
0	0
0	0
0	0
0	26
0	26
0	26
0	0
0	26
0	0
0	0
0	0
0	0
0	214
1	214
0	214
0	214
0	0
0	0
0	0
0	0
0	0
0	0
0	0
0	0
0	1
1	214
3	28
20	2
0	0
0	0
0	0
2	0
0	1
0	1
1	1
0	1
0	1
0	1
0	1
0	0
0	0
0	0
0	0
0	0
187	1433
0	0
0	0
0	0
0	0
0	0
0	0
8	1
0	0
0	0
43	1140
0	127
0	0
0	1429
0	1429
0	1429
0	1429
0	1429
0	1429
0	1429
0	1429
0	1429
0	1429
0	1429
0	1429
0	1429
0	1429
0	1429
0	1429
0	1429
0	1429
0	330
0	330
0	0
0	0
0	0
0	1
0	0
0	1
0	0
0	1
0	0
0	1
0	1
0	0
11	59
0	37
0	22
0	22
0	0
0	0
0	0
0	9
0	19
0	8
10	14
0	16
0	17
0	10
0	8
0	11
0	851
4	1
0	15
0	1
0	852
0	0
0	1
0	1
0	755
0	856
0	857
0	691
0	861
0	831
0	906
0	837
0	855
0	848
0	828
18	66
0	898
0	784
0	859
5	45
0	876
3	871
0	860
0	857
0	832
0	755
0	855
0	576
0	852
12	11
34	0
15	52
12	9
179	2266
0	0
0	0
0	1
0	1
0	1
0	1
0	1
5	93
0	1
0	1
0	1
0	1
0	1
0	1
0	1
0	1
0	1
0	0
0	1
0	0
0	0
0	1
0	1
0	1
0	0
0	0
0	1
0	0
0	0
0	0
0	1
0	0
0	0
0	0
0	0
0	0
0	0
0	0
0	0
0	0
0	0
0	0
0	0
0	0
0	0
0	0
0	0
0	7
0	7
1	0
0	0
0	0
0	0
0	0
0	0
0	64
0	0
0	0
1	65
0	0
0	0
0	0
0	0
0	0
0	0
0	0
0	0
2	70
0	79
0	90
0	102
0	90
0	103
0	100
0	79
0	71
29	150
0	123
0	126
0	105
0	138
0	136
0	114
0	125
0	47
0	38
0	41
5	77
0	4034
0	11226
0	14
0	11291
0	44
0	17
13	0
0	0
1	0
4	0
0	2146
0	2148
0	7
0	2154
0	2155
0	286
0	2152
0	284
0	3668
0	2158
1	284
13	108
0	2151
0	283
0	282
0	3664
0	2160
3	31
0	276
25	40
98	2766
0	259
0	9
0	7
0	5
1	1
0	6
617	4745
0	0
0	0
0	0
0	0
0	0
0	0
0	0
0	0
0	0
0	0
0	0
0	0
0	0
0	0
0	0
0	0
0	0
0	0
0	0
0	0
0	0
0	0
0	0
0	0
0	0
0	0
0	0
0	0
0	0
0	0
0	0
0	0
0	0
0	0
0	0
0	0
0	0
0	0
0	0
0	0
0	0
0	0
0	0
0	0
3	0
0	0
0	0
0	0
0	0
0	0
0	0
0	0
0	0
0	0
0	0
0	0
0	0
0	2
0	2
0	2
0	0
0	0
0	0
0	0
0	0
8	1464
0	0
0	14
0	116
133	454
11	159
0	190
78	212
0	105
0	163
0	145
0	195
0	27
0	185
0	135
0	153
0	154
0	186
0	179
0	106
0	63
0	93
0	22
273	3459
0	22
120	1273
0	1
0	3
2	2
0	46
4	0
4	45
0	0
0	0
0	0
1	0
5	0
0	0
0	0
0	0
0	0
0	0
0	0
0	0
0	140
0	74
0	74
0	74
0	0
0	0
0	0
0	21
0	20
0	21
0	21
0	0
0	0
0	0
0	0
0	0
0	0
0	0
0	0
0	0
0	0
0	0
0	0
0	0
0	0
0	25
0	20
0	14
0	1
0	2
0	0
0	1
0	1
0	0
0	0
0	0
0	0
0	0
0	2
3	0
0	0
4	14
0	1
1	2
0	3
0	1
1	0
0	1
0	0
0	0
0	0
0	0
0	2
0	0
0	2
0	0
0	0
0	0
0	0
0	2
0	4
0	0
0	0
0	0
0	0
0	0
0	0
0	0
0	0
0	2
0	0
0	0
0	0
0	0
0	2
0	0
0	0
0	4
0	0
0	0
0	0
0	3
0	0
0	0
0	2
0	2
0	0
0	0
0	0
0	0
0	0
0	0
0	2
0	2
0	0
0	0
0	0
0	2
1	5
0	2
0	2
0	0
0	0
0	0
0	0
0	2
0	0
0	0
0	0
0	0
0	0
0	0
0	2
0	4
0	4
0	0
0	3
0	1
0	2
0	2
0	3
0	4
0	3
6	3
0	3
0	2
1	1
0	0
1	0
0	15
0	12
0	12
0	12
32	0
0	11
0	0
1	4
141	472
5	472
0	108
0	108
0	0
0	0
0	0
0	0
0	8
0	1823
0	64
0	1838
0	50
0	128
0	33
0	0
0	38
4	123
0	54
3	6
1	0
53	2100
0	38
0	8
0	6
0	7
0	34
0	7
0	36
0	1832
0	62
0	54
5	49
0	12
0	3
0	3
0	3
0	223
5	266
0	112
0	86
0	100
2	104
105	1295
7	0
0	45
0	131
1	136
0	135
5	3017
0	85
0	58
0	120
12	28
0	124
0	3038
0	137
16	40
1	3013
1	2985
0	12
0	15
42	20
0	14
0	16
0	4
25	1
11	419
0	1
0	5
0	334
0	2
0	1
1	1
1	1
0	334
0	14
0	0
1	417
0	1
0	333
0	50
0	1
0	1
0	50
0	1
0	149
1	145
0	27
257	708
3	31
0	0
0	323
0	312
0	321
0	302
18	43
0	320
0	297
3	291
0	254
0	296
1	314
0	271
50	0
1	15
1	8
0	150
0	30
0	24
0	30
0	39
1	22
52	3907
1	236
0	23
0	220
0	234
0	33
9	48
0	32
1	30
5	1
0	19
0	45
0	289
0	145
2	87
0	57
6	70
0	222
0	286
0	69
0	41
0	10
1	79
41	1040
3	9
4	13
1	14
2	4
0	4
6	2
85	1004
2	1
0	1
0	1
0	1
2	1
0	1
0	1
37	2043
74	4142
0	2
0	85
0	0
0	1848
0	52
0	85
0	3
0	3
0	1848
0	0
0	1848
0	61
0	1848
0	3
0	0
0	0
176	5285
19	5
415	2286
0	1
0	1
0	1
75	4123
0	1
0	1
254	3341
0	0
0	0
0	0
0	0
0	0
0	0
0	0
0	0
27	80
0	0
201	38
0	0
0	0
0	0
0	0
0	0
0	143
0	0
0	143
0	143
0	0
0	0
0	694
1	705
0	719
2	710
0	691
0	705
0	718
0	665
3	691
0	703
0	612
0	668
0	685
3	720
0	644
7	740
0	695
0	724
0	692
0	704
0	637
0	180
5	715
0	702
0	661
0	653
0	662
0	641
0	630
0	691
0	682
0	645
0	682
0	678
0	672
6	707
0	699
0	664
25	688
0	1
5	131
123	2191
0	405
1	131
0	429
0	460
0	143
0	6
0	5
12	36
0	21
1	28
10	56
0	30
0	31
18	40
3	4
0	0
0	1
1	0
0	0
0	24
0	25
0	3
0	25
0	23
0	24
0	0
0	18
1	0
1	0
0	3
0	0
0	0
0	0
0	0
0	1326
0	1326
0	1326
0	0
0	0
0	0
0	0
39	277
0	478
0	3
40	487
0	0
0	0
0	0
0	0
0	0
0	0
0	0
0	0
100	2333
0	0
0	0
0	0
0	0
0	0
0	0
0	0
0	0
0	0
0	0
0	0
0	0
0	0
0	0
0	0
0	0
0	0
0	0
0	0
0	0
76	0
0	0
0	0
0	0
0	0
0	0
0	0
0	0
0	0
1	2590
239	2538
0	2572
0	1237
0	168
0	151
0	96
0	72
0	73
0	69
73	52
0	27
2	2
12	3
19	11
0	11
5	0
0	277
0	286
0	247
0	278
0	277
0	263
0	276
0	285
0	240
0	196
195	1911
0	6
1	0
0	248
0	240
0	266
0	239
0	281
0	286
0	290
0	281
1	279
0	277
0	281
2	48
3	12
2	25
0	5
1	1
0	1
0	74
0	74
0	41
0	74
0	74
0	74
0	64
0	76
7	69
0	74
0	78
0	74
0	76
0	74
0	74
0	74
0	75
0	74
0	74
0	76
28	32
0	76
0	74
0	74
0	59
0	7
0	25
0	5
0	2
0	2
0	4
0	4
0	3
0	2
0	4
0	0
0	1
0	0
0	3
0	1
0	0
0	2
0	0
0	2
0	0
0	0
0	0
0	2
0	2
0	2
0	2
0	0
0	0
0	32
0	1
0	33
0	33
144	2323
0	259
0	258
0	1
0	1
0	1
0	32
0	1
0	258
0	0
0	22
0	20
0	18
1	24
0	26
0	7
0	26
0	25
0	18
0	24
0	18
0	25
0	20
0	7
14	18
0	0
0	0
1	0
0	2
0	0
0	2
0	0
0	2
0	2
0	2
0	2
0	0
0	0
0	0
0	0
1	0
1	111
1	1128
8	1403
0	0
0	3
0	3
1	1
0	1
0	1
0	1
0	1
0	0
0	1
1	0
0	1
0	0
0	25
0	0
0	25
0	0
0	0
0	25
0	0
1	0
0	0
0	25
0	26
0	0
0	0
0	6
0	0
0	6
0	6
0	0
0	5
0	0
0	5
3	673
0	5
0	0
0	0
0	0
0	0
0	0
0	0
0	0
0	6
0	6
0	0
0	0
0	23
7	61
0	69
0	69
17	74
0	73
0	69
0	71
0	72
1	69
1	73
0	59
0	8
0	11
0	7
0	10
0	9
0	7
0	9
0	3
38	83
0	66
0	4
0	1
0	2
0	9
4	9
0	77
0	3
0	66
0	8
0	10
0	12
0	18
0	9
92	1225
0	0
0	0
0	13
0	11
0	3
0	3
0	3
0	0
0	0
0	0
0	0
0	0
0	0
0	0
0	0
0	0
0	0
0	0
0	0
0	0
0	175
0	0
0	0
0	0
0	0
0	0
0	175
0	0
0	0
0	0
0	0
0	0
0	0
0	0
0	0
0	0
0	0
0	703
0	703
0	0
0	0
0	1
0	1
0	1
0	1
0	0
0	0
735	0
0	0
0	0
0	0
0	0
0	0
0	0
0	0
0	0
0	0
0	10
0	10
0	10
0	10
0	10
0	10
0	3
0	10
0	10
0	10
0	10
0	10
0	10
0	3
0	3
0	3
0	3
0	3
0	10
0	10
0	10
0	3
0	3
0	10
0	3
0	0
0	0
0	0
0	0
0	10
0	10
0	0
0	10
0	0
1	13
0	30
3	0
0	3
0	3
0	84
0	9
0	84
0	84
0	84
0	2
3	76
0	76
0	77
0	75
0	75
1	64
0	64
0	64
0	64
0	62
1	65
0	64
0	37
0	37
0	64
0	64
0	64
0	54
0	55
0	54
0	54
0	45
0	7
0	4
1	0
1	0
0	0
0	0
0	0
58	85
0	0
0	0
1	0
0	0
0	0
0	0
0	0
0	0
0	0
0	11
0	0
376	5079
0	27
1	23
0	11
0	5
0	5
0	4
4	817
0	4
0	59
5	4
0	0
2	0
0	0
0	0
0	0
0	0
0	0
0	0
0	0
0	0
0	0
0	0
0	0
0	0
8	2
0	0
0	0
0	0
0	4
0	4
0	0
0	0
0	0
0	0
7	1
199	2544
0	0
0	0
0	0
0	0
0	0
0	0
0	0
17	25
0	11
0	0
0	0
0	0
0	0
0	0
0	0
0	0
1	0
0	0
77	50
0	0
0	0
0	0
0	0
0	0
0	0
0	0
0	0
0	0
0	0
0	0
128	2797
0	0
9	78
0	78
0	0
0	0
0	0
0	0
0	0
0	0
0	0
0	0
0	0
0	0
0	0
0	0
0	0
0	0
0	0
0	0
0	0
0	0
0	0
0	0
0	0
0	0
0	0
0	0
0	0
0	0
0	0
0	0
0	0
0	0
0	0
0	0
9	36
0	0
0	0
0	0
0	0
0	0
0	0
0	0
0	0
0	0
0	0
0	0
0	0
0	0
0	0
0	0
0	0
0	0
0	0
0	0
0	0
0	0
0	0
0	0
0	35
0	35
0	35
0	34
0	34
0	34
0	18
0	18
0	2
0	2
0	2
0	2
0	507
50	203
1	891
0	11
0	885
0	881
0	586
0	861
0	839
0	836
0	802
0	774
0	777
0	855
0	829
0	800
0	872
0	850
0	772
0	811
0	852
0	518
7	9
0	164
0	128
2	7
16	8
6	28
0	1149
1	1788
0	134
0	13
0	1688
0	23
0	24
1	158
0	82
0	141
0	30
1	183
5	191
2	84
0	136
1	90
0	82
0	138
0	15
21	16
0	952
27	429
156	5061
2	868
1	873
0	24
0	33
26	8
0	49
0	620
122	623
4	28
7	14
34	53
1	6
0	47
0	65
0	76
0	73
0	17
0	75
0	51
0	51
0	11
0	41
0	21
0	54
0	21
0	71
0	46
0	11
4	46
19	68
0	60
0	42
0	21
0	60
0	71
0	10
57	138
0	85
0	124
0	58
0	168
0	218
0	227
18	187
0	196
0	110
1	28
4	118
1	102
0	142
0	36
2	150
0	467
0	465
6	473
0	79
2	14
0	451
0	0
0	15
18	291
0	230
0	254
1	0
0	142
0	141
0	177
0	162
1	152
3	153
0	14
100	342
2	90
2	61
0	16
0	10
0	18
0	9
0	19
0	665
0	665
0	36
0	25
2	14
0	2512
0	2623
5	2537
0	2523
0	2536
438	451
0	2529
0	241
0	221
0	2520
0	2492
0	2498
0	230
0	2489
0	2629
3	0
0	144
8	167
0	0
17	63
127	2039
339	2533
34	2164
14	2163
0	0
0	252
0	252
0	252
0	252
0	0
0	0
0	0
0	0
0	0
0	5
0	0
0	5
0	0
0	137
0	135
0	500
0	128
0	106
0	175
0	503
0	505
0	111
0	499
0	505
0	171
0	166
0	157
0	180
8	175
11	103
0	135
0	157
0	172
0	124
0	151
0	139
0	165
0	144
0	168
0	471
0	503
0	170
0	116
0	144
0	130
0	150
0	171
0	170
0	169
0	169
0	130
0	156
0	152
0	176
0	152
0	145
0	173
0	172
0	457
0	474
0	150
0	130
0	462
0	137
0	178
0	118
0	153
0	156
0	159
0	157
0	128
0	70
5	105
57	82
2	49
1	34
0	27
19	0
58	54
0	1138
0	1168
0	1084
4	251
12	445
29	264
